subscription_id,account_id,opportunity_id,plan_tier,mrr,term_number,start_date,end_date,end_status
SUB000001,ACC00001,OPP000001,Brand,900,1,2024-10-30,2025-10-30,Upgraded
SUB000002,ACC00001,OPP000001,Scale,1600,2,2025-10-30,2026-10-30,Active
SUB000003,ACC00005,OPP000007,Launch,500,1,2025-05-02,2026-05-02,Upgraded
SUB000004,ACC00005,OPP000007,Brand,900,2,2026-05-02,2027-05-02,Active
SUB000005,ACC00010,OPP000013,Launch,500,1,2024-01-29,2025-01-28,Churned
SUB000006,ACC00013,OPP000016,Brand,900,1,2026-03-14,2027-03-14,Active
SUB000007,ACC00014,OPP000017,Scale,1600,1,2025-05-17,2026-05-17,Upgraded
SUB000008,ACC00014,OPP000017,All In,2800,2,2026-05-17,2027-05-17,Active
SUB000009,ACC00015,OPP000018,Brand,900,1,2024-02-05,2025-02-04,Renewed
SUB000010,ACC00015,OPP000018,Brand,900,2,2025-02-04,2026-02-04,Renewed
SUB000011,ACC00015,OPP000018,Brand,900,3,2026-02-04,2027-02-04,Active
SUB000012,ACC00020,OPP000024,Brand,900,1,2024-04-26,2025-04-26,Renewed
SUB000013,ACC00020,OPP000024,Brand,900,2,2025-04-26,2026-04-26,Upgraded
SUB000014,ACC00020,OPP000024,Scale,1600,3,2026-04-26,2027-04-26,Active
SUB000015,ACC00027,OPP000034,Launch,500,1,2024-08-08,2025-08-08,Upgraded
SUB000016,ACC00027,OPP000034,Brand,900,2,2025-08-08,2026-08-08,Active
SUB000017,ACC00028,OPP000035,Brand,900,1,2024-02-06,2025-02-05,Upgraded
SUB000018,ACC00028,OPP000035,Scale,1600,2,2025-02-05,2026-02-05,Churned
SUB000019,ACC00029,OPP000036,Scale,1600,1,2024-09-09,2025-09-09,Renewed
SUB000020,ACC00029,OPP000036,Scale,1600,2,2025-09-09,2026-09-09,Active
SUB000021,ACC00032,OPP000040,Scale,1600,1,2025-05-04,2026-05-04,Renewed
SUB000022,ACC00032,OPP000040,Scale,1600,2,2026-05-04,2027-05-04,Active
SUB000023,ACC00034,OPP000042,Launch,500,1,2024-05-14,2025-05-14,Downgraded
SUB000024,ACC00034,OPP000042,Launch,500,2,2025-05-14,2026-05-14,Renewed
SUB000025,ACC00034,OPP000042,Launch,500,3,2026-05-14,2027-05-14,Active
SUB000026,ACC00035,OPP000043,Launch,500,1,2024-09-12,2025-09-12,Renewed
SUB000027,ACC00035,OPP000043,Launch,500,2,2025-09-12,2026-09-12,Active
SUB000028,ACC00039,OPP000050,Launch,500,1,2025-06-24,2026-06-24,Upgraded
SUB000029,ACC00039,OPP000050,Brand,900,2,2026-06-24,2027-06-24,Active
SUB000030,ACC00043,OPP000054,Launch,500,1,2023-06-03,2024-06-02,Churned
SUB000031,ACC00044,OPP000056,Launch,500,1,2025-11-07,2026-11-07,Active
SUB000032,ACC00048,OPP000062,Launch,500,1,2023-03-19,2024-03-18,Renewed
SUB000033,ACC00048,OPP000062,Launch,500,2,2024-03-18,2025-03-18,Upgraded
SUB000034,ACC00048,OPP000062,Brand,900,3,2025-03-18,2026-03-18,Renewed
SUB000035,ACC00048,OPP000062,Brand,900,4,2026-03-18,2027-03-18,Active
SUB000036,ACC00049,OPP000063,Scale,1600,1,2024-11-21,2025-11-21,Upgraded
SUB000037,ACC00049,OPP000063,All In,2800,2,2025-11-21,2026-11-21,Active
SUB000038,ACC00051,OPP000066,Scale,1600,1,2025-01-31,2026-01-31,Renewed
SUB000039,ACC00051,OPP000066,Scale,1600,2,2026-01-31,2027-01-31,Active
SUB000040,ACC00054,OPP000070,Brand,900,1,2023-12-02,2024-12-01,Renewed
SUB000041,ACC00054,OPP000070,Brand,900,2,2024-12-01,2025-12-01,Upgraded
SUB000042,ACC00054,OPP000070,Scale,1600,3,2025-12-01,2026-12-01,Active
SUB000043,ACC00060,OPP000079,Launch,500,1,2024-10-11,2025-10-11,Downgraded
SUB000044,ACC00060,OPP000079,Launch,500,2,2025-10-11,2026-10-11,Active
SUB000045,ACC00062,OPP000081,Brand,900,1,2024-08-28,2025-08-28,Downgraded
SUB000046,ACC00062,OPP000081,Launch,500,2,2025-08-28,2026-08-28,Active
SUB000047,ACC00066,OPP000085,Scale,1600,1,2026-01-03,2027-01-03,Active
SUB000048,ACC00068,OPP000088,Brand,900,1,2024-08-05,2025-08-05,Upgraded
SUB000049,ACC00068,OPP000088,Scale,1600,2,2025-08-05,2026-08-05,Active
SUB000050,ACC00069,OPP000089,Brand,900,1,2024-12-09,2025-12-09,Churned
SUB000051,ACC00070,OPP000090,Scale,1600,1,2023-08-13,2024-08-12,Downgraded
SUB000052,ACC00070,OPP000090,Brand,900,2,2024-08-12,2025-08-12,Downgraded
SUB000053,ACC00070,OPP000090,Launch,500,3,2025-08-12,2026-08-12,Active
SUB000054,ACC00077,OPP000097,Scale,1600,1,2024-12-25,2025-12-25,Upgraded
SUB000055,ACC00077,OPP000097,All In,2800,2,2025-12-25,2026-12-25,Active
SUB000056,ACC00081,OPP000101,Launch,500,1,2024-01-01,2024-12-31,Upgraded
SUB000057,ACC00081,OPP000101,Brand,900,2,2024-12-31,2025-12-31,Upgraded
SUB000058,ACC00081,OPP000101,Scale,1600,3,2025-12-31,2026-12-31,Active
SUB000059,ACC00084,OPP000105,Launch,500,1,2026-05-09,2027-05-09,Active
SUB000060,ACC00085,OPP000106,Launch,500,1,2025-07-04,2026-07-04,Active
SUB000061,ACC00086,OPP000107,Launch,500,1,2025-10-09,2026-10-09,Active
SUB000062,ACC00089,OPP000110,Brand,900,1,2023-11-15,2024-11-14,Renewed
SUB000063,ACC00089,OPP000110,Brand,900,2,2024-11-14,2025-11-14,Churned
SUB000064,ACC00091,OPP000112,Brand,900,1,2024-08-21,2025-08-21,Churned
SUB000065,ACC00092,OPP000113,Scale,1600,1,2025-11-24,2026-11-24,Active
SUB000066,ACC00096,OPP000117,Brand,900,1,2023-05-25,2024-05-24,Upgraded
SUB000067,ACC00096,OPP000117,Scale,1600,2,2024-05-24,2025-05-24,Upgraded
SUB000068,ACC00096,OPP000117,All In,2800,3,2025-05-24,2026-05-24,Upgraded
SUB000069,ACC00096,OPP000117,All In,2800,4,2026-05-24,2027-05-24,Active
SUB000070,ACC00097,OPP000119,Brand,900,1,2024-02-13,2025-02-12,Downgraded
SUB000071,ACC00097,OPP000119,Launch,500,2,2025-02-12,2026-02-12,Renewed
SUB000072,ACC00097,OPP000119,Launch,500,3,2026-02-12,2027-02-12,Active
SUB000073,ACC00102,OPP000125,All In,2800,1,2025-05-20,2026-05-20,Renewed
SUB000074,ACC00102,OPP000125,All In,2800,2,2026-05-20,2027-05-20,Active
SUB000075,ACC00104,OPP000128,Brand,900,1,2025-04-18,2026-04-18,Downgraded
SUB000076,ACC00104,OPP000128,Launch,500,2,2026-04-18,2027-04-18,Active
SUB000077,ACC00105,OPP000130,Scale,1600,1,2023-05-16,2024-05-15,Renewed
SUB000078,ACC00105,OPP000130,Scale,1600,2,2024-05-15,2025-05-15,Upgraded
SUB000079,ACC00105,OPP000130,All In,2800,3,2025-05-15,2026-05-15,Upgraded
SUB000080,ACC00105,OPP000130,All In,2800,4,2026-05-15,2027-05-15,Active
SUB000081,ACC00108,OPP000134,Launch,500,1,2026-03-16,2027-03-16,Active
SUB000082,ACC00112,OPP000139,Scale,1600,1,2024-03-31,2025-03-31,Downgraded
SUB000083,ACC00112,OPP000139,Brand,900,2,2025-03-31,2026-03-31,Renewed
SUB000084,ACC00112,OPP000139,Brand,900,3,2026-03-31,2027-03-31,Active
SUB000085,ACC00115,OPP000144,Brand,900,1,2025-08-20,2026-08-20,Active
SUB000086,ACC00118,OPP000147,Scale,1600,1,2025-02-14,2026-02-14,Renewed
SUB000087,ACC00118,OPP000147,Scale,1600,2,2026-02-14,2027-02-14,Active
SUB000088,ACC00119,OPP000149,Launch,500,1,2024-07-25,2025-07-25,Upgraded
SUB000089,ACC00119,OPP000149,Brand,900,2,2025-07-25,2026-07-25,Active
SUB000090,ACC00130,OPP000161,Launch,500,1,2025-10-05,2026-10-05,Active
SUB000091,ACC00135,OPP000167,Scale,1600,1,2026-06-10,2027-06-10,Active
SUB000092,ACC00136,OPP000168,Brand,900,1,2023-08-31,2024-08-30,Upgraded
SUB000093,ACC00136,OPP000168,Scale,1600,2,2024-08-30,2025-08-30,Churned
SUB000094,ACC00146,OPP000182,Scale,1600,1,2024-07-21,2025-07-21,Upgraded
SUB000095,ACC00146,OPP000182,All In,2800,2,2025-07-21,2026-07-21,Active
SUB000096,ACC00147,OPP000183,Brand,900,1,2026-01-09,2027-01-09,Active
SUB000097,ACC00148,OPP000184,Scale,1600,1,2023-09-13,2024-09-12,Churned
SUB000098,ACC00149,OPP000185,Launch,500,1,2024-09-03,2025-09-03,Renewed
SUB000099,ACC00149,OPP000185,Launch,500,2,2025-09-03,2026-09-03,Active
SUB000100,ACC00151,OPP000187,Launch,500,1,2025-11-02,2026-11-02,Active
SUB000101,ACC00156,OPP000193,All In,2800,1,2023-08-07,2024-08-06,Upgraded
SUB000102,ACC00156,OPP000193,All In,2800,2,2024-08-06,2025-08-06,Churned
SUB000103,ACC00159,OPP000196,Launch,500,1,2023-12-16,2024-12-15,Upgraded
SUB000104,ACC00159,OPP000196,Brand,900,2,2024-12-15,2025-12-15,Upgraded
SUB000105,ACC00159,OPP000196,Scale,1600,3,2025-12-15,2026-12-15,Active
SUB000106,ACC00160,OPP000198,Brand,900,1,2024-11-06,2025-11-06,Downgraded
SUB000107,ACC00160,OPP000198,Launch,500,2,2025-11-06,2026-11-06,Active
SUB000108,ACC00161,OPP000199,Brand,900,1,2023-09-08,2024-09-07,Upgraded
SUB000109,ACC00161,OPP000199,Scale,1600,2,2024-09-07,2025-09-07,Renewed
SUB000110,ACC00161,OPP000199,Scale,1600,3,2025-09-07,2026-09-07,Active
SUB000111,ACC00167,OPP000207,Brand,900,1,2024-12-12,2025-12-12,Upgraded
SUB000112,ACC00167,OPP000207,Scale,1600,2,2025-12-12,2026-12-12,Active
SUB000113,ACC00170,OPP000211,Brand,900,1,2023-07-02,2024-07-01,Renewed
SUB000114,ACC00170,OPP000211,Brand,900,2,2024-07-01,2025-07-01,Renewed
SUB000115,ACC00170,OPP000211,Brand,900,3,2025-07-01,2026-07-01,Active
SUB000116,ACC00173,OPP000214,Brand,900,1,2024-06-09,2025-06-09,Upgraded
SUB000117,ACC00173,OPP000214,Scale,1600,2,2025-06-09,2026-06-09,Renewed
SUB000118,ACC00173,OPP000214,Scale,1600,3,2026-06-09,2027-06-09,Active
SUB000119,ACC00179,OPP000220,Scale,1600,1,2025-01-24,2026-01-24,Upgraded
SUB000120,ACC00179,OPP000220,All In,2800,2,2026-01-24,2027-01-24,Active
SUB000121,ACC00184,OPP000227,Launch,500,1,2024-05-18,2025-05-18,Churned
SUB000122,ACC00185,OPP000228,Launch,500,1,2024-12-15,2025-12-15,Churned
SUB000123,ACC00187,OPP000231,All In,2800,1,2023-07-30,2024-07-29,Downgraded
SUB000124,ACC00187,OPP000231,Scale,1600,2,2024-07-29,2025-07-29,Downgraded
SUB000125,ACC00187,OPP000231,Brand,900,3,2025-07-29,2026-07-29,Active
SUB000126,ACC00188,OPP000232,All In,2800,1,2023-12-09,2024-12-08,Renewed
SUB000127,ACC00188,OPP000232,All In,2800,2,2024-12-08,2025-12-08,Downgraded
SUB000128,ACC00188,OPP000232,Scale,1600,3,2025-12-08,2026-12-08,Active
SUB000129,ACC00189,OPP000233,Launch,500,1,2025-09-09,2026-09-09,Active
SUB000130,ACC00191,OPP000235,Launch,500,1,2024-04-26,2025-04-26,Renewed
SUB000131,ACC00191,OPP000235,Launch,500,2,2025-04-26,2026-04-26,Upgraded
SUB000132,ACC00191,OPP000235,Brand,900,3,2026-04-26,2027-04-26,Active
SUB000133,ACC00192,OPP000237,Launch,500,1,2024-12-12,2025-12-12,Churned
SUB000134,ACC00195,OPP000240,Brand,900,1,2023-12-31,2024-12-30,Renewed
SUB000135,ACC00195,OPP000240,Brand,900,2,2024-12-30,2025-12-30,Upgraded
SUB000136,ACC00195,OPP000240,Scale,1600,3,2025-12-30,2026-12-30,Active
SUB000137,ACC00197,OPP000242,Brand,900,1,2026-01-21,2027-01-21,Active
SUB000138,ACC00199,OPP000244,Launch,500,1,2025-05-26,2026-05-26,Renewed
SUB000139,ACC00199,OPP000244,Launch,500,2,2026-05-26,2027-05-26,Active
SUB000140,ACC00202,OPP000249,Brand,900,1,2023-07-12,2024-07-11,Renewed
SUB000141,ACC00202,OPP000249,Brand,900,2,2024-07-11,2025-07-11,Downgraded
SUB000142,ACC00202,OPP000249,Launch,500,3,2025-07-11,2026-07-11,Active
SUB000143,ACC00207,OPP000257,Brand,900,1,2023-08-16,2024-08-15,Churned
SUB000144,ACC00212,OPP000263,Launch,500,1,2025-09-22,2026-09-22,Active
SUB000145,ACC00213,OPP000265,Scale,1600,1,2023-09-24,2024-09-23,Renewed
SUB000146,ACC00213,OPP000265,Scale,1600,2,2024-09-23,2025-09-23,Renewed
SUB000147,ACC00213,OPP000265,Scale,1600,3,2025-09-23,2026-09-23,Active
SUB000148,ACC00214,OPP000266,Brand,900,1,2023-03-01,2024-02-29,Downgraded
SUB000149,ACC00214,OPP000266,Launch,500,2,2024-02-29,2025-02-28,Upgraded
SUB000150,ACC00214,OPP000266,Brand,900,3,2025-02-28,2026-02-28,Renewed
SUB000151,ACC00214,OPP000266,Brand,900,4,2026-02-28,2027-02-28,Active
SUB000152,ACC00216,OPP000268,Launch,500,1,2025-11-29,2026-11-29,Active
SUB000153,ACC00219,OPP000271,All In,2800,1,2025-11-20,2026-11-20,Active
SUB000154,ACC00221,OPP000274,Launch,500,1,2025-11-28,2026-11-28,Active
SUB000155,ACC00223,OPP000277,Brand,900,1,2026-04-20,2027-04-20,Active
SUB000156,ACC00230,OPP000286,Brand,900,1,2024-12-07,2025-12-07,Churned
SUB000157,ACC00234,OPP000292,Scale,1600,1,2023-07-19,2024-07-18,Upgraded
SUB000158,ACC00234,OPP000292,All In,2800,2,2024-07-18,2025-07-18,Upgraded
SUB000159,ACC00234,OPP000292,All In,2800,3,2025-07-18,2026-07-18,Active
SUB000160,ACC00239,OPP000299,All In,2800,1,2025-05-31,2026-05-31,Renewed
SUB000161,ACC00239,OPP000299,All In,2800,2,2026-05-31,2027-05-31,Active
SUB000162,ACC00247,OPP000307,All In,2800,1,2025-11-19,2026-11-19,Active
SUB000163,ACC00252,OPP000313,Launch,500,1,2024-02-20,2025-02-19,Downgraded
SUB000164,ACC00252,OPP000313,Launch,500,2,2025-02-19,2026-02-19,Downgraded
SUB000165,ACC00252,OPP000313,Launch,500,3,2026-02-19,2027-02-19,Active
SUB000166,ACC00255,OPP000316,Launch,500,1,2026-05-04,2027-05-04,Active
SUB000167,ACC00258,OPP000319,All In,2800,1,2024-01-15,2025-01-14,Renewed
SUB000168,ACC00258,OPP000319,All In,2800,2,2025-01-14,2026-01-14,Renewed
SUB000169,ACC00258,OPP000319,All In,2800,3,2026-01-14,2027-01-14,Active
SUB000170,ACC00259,OPP000320,All In,2800,1,2024-10-04,2025-10-04,Renewed
SUB000171,ACC00259,OPP000320,All In,2800,2,2025-10-04,2026-10-04,Active
SUB000172,ACC00262,OPP000323,Launch,500,1,2023-03-29,2024-03-28,Downgraded
SUB000173,ACC00262,OPP000323,Launch,500,2,2024-03-28,2025-03-28,Churned
SUB000174,ACC00266,OPP000329,Brand,900,1,2025-01-30,2026-01-30,Renewed
SUB000175,ACC00266,OPP000329,Brand,900,2,2026-01-30,2027-01-30,Active
SUB000176,ACC00267,OPP000330,Scale,1600,1,2026-02-17,2027-02-17,Active
SUB000177,ACC00270,OPP000333,Scale,1600,1,2024-06-04,2025-06-04,Renewed
SUB000178,ACC00270,OPP000333,Scale,1600,2,2025-06-04,2026-06-04,Downgraded
SUB000179,ACC00270,OPP000333,Brand,900,3,2026-06-04,2027-06-04,Active
SUB000180,ACC00275,OPP000338,Scale,1600,1,2025-05-25,2026-05-25,Downgraded
SUB000181,ACC00275,OPP000338,Brand,900,2,2026-05-25,2027-05-25,Active
SUB000182,ACC00276,OPP000339,Brand,900,1,2024-10-18,2025-10-18,Upgraded
SUB000183,ACC00276,OPP000339,Scale,1600,2,2025-10-18,2026-10-18,Active
SUB000184,ACC00283,OPP000346,Brand,900,1,2023-10-15,2024-10-14,Upgraded
SUB000185,ACC00283,OPP000346,Scale,1600,2,2024-10-14,2025-10-14,Upgraded
SUB000186,ACC00283,OPP000346,All In,2800,3,2025-10-14,2026-10-14,Active
SUB000187,ACC00284,OPP000347,Launch,500,1,2025-12-15,2026-12-15,Active
SUB000188,ACC00295,OPP000361,Launch,500,1,2025-08-23,2026-08-23,Active
SUB000189,ACC00298,OPP000365,Scale,1600,1,2025-08-06,2026-08-06,Active
SUB000190,ACC00304,OPP000372,Scale,1600,1,2026-05-20,2027-05-20,Active
SUB000191,ACC00305,OPP000373,Launch,500,1,2024-11-28,2025-11-28,Churned
SUB000192,ACC00313,OPP000382,Scale,1600,1,2025-07-21,2026-07-21,Active
SUB000193,ACC00314,OPP000384,Scale,1600,1,2025-03-07,2026-03-07,Downgraded
SUB000194,ACC00314,OPP000384,Brand,900,2,2026-03-07,2027-03-07,Active
SUB000195,ACC00317,OPP000388,Launch,500,1,2024-10-27,2025-10-27,Upgraded
SUB000196,ACC00317,OPP000388,Brand,900,2,2025-10-27,2026-10-27,Active
SUB000197,ACC00323,OPP000395,Launch,500,1,2025-12-03,2026-12-03,Active
SUB000198,ACC00327,OPP000400,Brand,900,1,2026-02-27,2027-02-27,Active
SUB000199,ACC00330,OPP000403,Scale,1600,1,2024-07-11,2025-07-11,Churned
SUB000200,ACC00331,OPP000404,All In,2800,1,2024-01-03,2025-01-02,Renewed
SUB000201,ACC00331,OPP000404,All In,2800,2,2025-01-02,2026-01-02,Renewed
SUB000202,ACC00331,OPP000404,All In,2800,3,2026-01-02,2027-01-02,Active
SUB000203,ACC00332,OPP000405,Launch,500,1,2025-04-04,2026-04-04,Upgraded
SUB000204,ACC00332,OPP000405,Brand,900,2,2026-04-04,2027-04-04,Active
SUB000205,ACC00334,OPP000407,Brand,900,1,2025-01-29,2026-01-29,Renewed
SUB000206,ACC00334,OPP000407,Brand,900,2,2026-01-29,2027-01-29,Active
SUB000207,ACC00337,OPP000410,Launch,500,1,2023-09-17,2024-09-16,Downgraded
SUB000208,ACC00337,OPP000410,Launch,500,2,2024-09-16,2025-09-16,Upgraded
SUB000209,ACC00337,OPP000410,Brand,900,3,2025-09-16,2026-09-16,Active
SUB000210,ACC00338,OPP000412,Launch,500,1,2024-05-30,2025-05-30,Upgraded
SUB000211,ACC00338,OPP000412,Brand,900,2,2025-05-30,2026-05-30,Churned
SUB000212,ACC00340,OPP000414,Launch,500,1,2024-01-25,2025-01-24,Downgraded
SUB000213,ACC00340,OPP000414,Launch,500,2,2025-01-24,2026-01-24,Downgraded
SUB000214,ACC00340,OPP000414,Launch,500,3,2026-01-24,2027-01-24,Active
SUB000215,ACC00342,OPP000416,Brand,900,1,2023-11-01,2024-10-31,Upgraded
SUB000216,ACC00342,OPP000416,Scale,1600,2,2024-10-31,2025-10-31,Downgraded
SUB000217,ACC00342,OPP000416,Brand,900,3,2025-10-31,2026-10-31,Active
SUB000218,ACC00344,OPP000418,Brand,900,1,2023-10-22,2024-10-21,Downgraded
SUB000219,ACC00344,OPP000418,Launch,500,2,2024-10-21,2025-10-21,Renewed
SUB000220,ACC00344,OPP000418,Launch,500,3,2025-10-21,2026-10-21,Active
SUB000221,ACC00346,OPP000420,Launch,500,1,2024-06-04,2025-06-04,Upgraded
SUB000222,ACC00346,OPP000420,Brand,900,2,2025-06-04,2026-06-04,Renewed
SUB000223,ACC00346,OPP000420,Brand,900,3,2026-06-04,2027-06-04,Active
SUB000224,ACC00347,OPP000422,Launch,500,1,2024-09-24,2025-09-24,Downgraded
SUB000225,ACC00347,OPP000422,Launch,500,2,2025-09-24,2026-09-24,Active
SUB000226,ACC00353,OPP000428,Scale,1600,1,2024-04-07,2025-04-07,Churned
SUB000227,ACC00357,OPP000432,Scale,1600,1,2023-12-15,2024-12-14,Downgraded
SUB000228,ACC00357,OPP000432,Brand,900,2,2024-12-14,2025-12-14,Upgraded
SUB000229,ACC00357,OPP000432,Scale,1600,3,2025-12-14,2026-12-14,Active
SUB000230,ACC00358,OPP000434,Scale,1600,1,2026-01-12,2027-01-12,Active
SUB000231,ACC00362,OPP000438,Scale,1600,1,2025-12-02,2026-12-02,Active
SUB000232,ACC00363,OPP000439,Brand,900,1,2026-01-17,2027-01-17,Active
SUB000233,ACC00368,OPP000445,Launch,500,1,2025-09-27,2026-09-27,Active
SUB000234,ACC00369,OPP000446,Launch,500,1,2025-01-27,2026-01-27,Renewed
SUB000235,ACC00369,OPP000446,Launch,500,2,2026-01-27,2027-01-27,Active
SUB000236,ACC00371,OPP000448,Launch,500,1,2024-11-14,2025-11-14,Churned
SUB000237,ACC00374,OPP000451,Launch,500,1,2026-02-20,2027-02-20,Active
SUB000238,ACC00375,OPP000452,Brand,900,1,2024-12-27,2025-12-27,Upgraded
SUB000239,ACC00375,OPP000452,Scale,1600,2,2025-12-27,2026-12-27,Active
SUB000240,ACC00379,OPP000458,Brand,900,1,2025-01-16,2026-01-16,Churned
SUB000241,ACC00380,OPP000459,Launch,500,1,2026-02-24,2027-02-24,Active
SUB000242,ACC00382,OPP000461,Launch,500,1,2024-09-07,2025-09-07,Renewed
SUB000243,ACC00382,OPP000461,Launch,500,2,2025-09-07,2026-09-07,Active
SUB000244,ACC00390,OPP000471,Scale,1600,1,2023-03-11,2024-03-10,Renewed
SUB000245,ACC00390,OPP000471,Scale,1600,2,2024-03-10,2025-03-10,Renewed
SUB000246,ACC00390,OPP000471,Scale,1600,3,2025-03-10,2026-03-10,Upgraded
SUB000247,ACC00390,OPP000471,All In,2800,4,2026-03-10,2027-03-10,Active
SUB000248,ACC00392,OPP000473,Brand,900,1,2024-01-19,2025-01-18,Churned
SUB000249,ACC00394,OPP000476,Launch,500,1,2025-10-03,2026-10-03,Active
SUB000250,ACC00396,OPP000479,All In,2800,1,2025-03-18,2026-03-18,Upgraded
SUB000251,ACC00396,OPP000479,All In,2800,2,2026-03-18,2027-03-18,Active
SUB000252,ACC00397,OPP000481,Launch,500,1,2023-07-16,2024-07-15,Renewed
SUB000253,ACC00397,OPP000481,Launch,500,2,2024-07-15,2025-07-15,Churned
SUB000254,ACC00398,OPP000482,All In,2800,1,2026-04-09,2027-04-09,Active
SUB000255,ACC00406,OPP000491,Brand,900,1,2025-06-23,2026-06-23,Churned
SUB000256,ACC00407,OPP000492,All In,2800,1,2024-02-19,2025-02-18,Churned
SUB000257,ACC00412,OPP000499,Launch,500,1,2025-04-22,2026-04-22,Renewed
SUB000258,ACC00412,OPP000499,Launch,500,2,2026-04-22,2027-04-22,Active
SUB000259,ACC00415,OPP000503,Launch,500,1,2024-10-01,2025-10-01,Renewed
SUB000260,ACC00415,OPP000503,Launch,500,2,2025-10-01,2026-10-01,Active
SUB000261,ACC00416,OPP000504,Scale,1600,1,2026-06-16,2027-06-16,Active
SUB000262,ACC00418,OPP000507,All In,2800,1,2023-06-03,2024-06-02,Renewed
SUB000263,ACC00418,OPP000507,All In,2800,2,2024-06-02,2025-06-02,Upgraded
SUB000264,ACC00418,OPP000507,All In,2800,3,2025-06-02,2026-06-02,Downgraded
SUB000265,ACC00418,OPP000507,Scale,1600,4,2026-06-02,2027-06-02,Active
SUB000266,ACC00419,OPP000508,Brand,900,1,2024-05-26,2025-05-26,Upgraded
SUB000267,ACC00419,OPP000508,Scale,1600,2,2025-05-26,2026-05-26,Downgraded
SUB000268,ACC00419,OPP000508,Brand,900,3,2026-05-26,2027-05-26,Active
SUB000269,ACC00422,OPP000511,Launch,500,1,2025-08-07,2026-08-07,Active
SUB000270,ACC00424,OPP000513,Brand,900,1,2025-08-12,2026-08-12,Active
SUB000271,ACC00429,OPP000518,Scale,1600,1,2024-05-02,2025-05-02,Renewed
SUB000272,ACC00429,OPP000518,Scale,1600,2,2025-05-02,2026-05-02,Upgraded
SUB000273,ACC00429,OPP000518,All In,2800,3,2026-05-02,2027-05-02,Active
SUB000274,ACC00432,OPP000521,All In,2800,1,2025-08-29,2026-08-29,Active
SUB000275,ACC00434,OPP000524,Scale,1600,1,2024-09-16,2025-09-16,Upgraded
SUB000276,ACC00434,OPP000524,All In,2800,2,2025-09-16,2026-09-16,Active
SUB000277,ACC00436,OPP000526,Brand,900,1,2024-07-27,2025-07-27,Upgraded
SUB000278,ACC00436,OPP000526,Scale,1600,2,2025-07-27,2026-07-27,Active
SUB000279,ACC00438,OPP000528,Launch,500,1,2024-10-15,2025-10-15,Churned
SUB000280,ACC00442,OPP000533,All In,2800,1,2024-11-23,2025-11-23,Renewed
SUB000281,ACC00442,OPP000533,All In,2800,2,2025-11-23,2026-11-23,Active
SUB000282,ACC00447,OPP000539,Scale,1600,1,2026-03-22,2027-03-22,Active
SUB000283,ACC00450,OPP000542,Launch,500,1,2024-09-18,2025-09-18,Downgraded
SUB000284,ACC00450,OPP000542,Launch,500,2,2025-09-18,2026-09-18,Active
SUB000285,ACC00451,OPP000544,All In,2800,1,2025-05-22,2026-05-22,Downgraded
SUB000286,ACC00451,OPP000544,Scale,1600,2,2026-05-22,2027-05-22,Active
SUB000287,ACC00459,OPP000555,Launch,500,1,2024-10-28,2025-10-28,Downgraded
SUB000288,ACC00459,OPP000555,Launch,500,2,2025-10-28,2026-10-28,Active
SUB000289,ACC00461,OPP000557,Launch,500,1,2023-10-17,2024-10-16,Renewed
SUB000290,ACC00461,OPP000557,Launch,500,2,2024-10-16,2025-10-16,Downgraded
SUB000291,ACC00461,OPP000557,Launch,500,3,2025-10-16,2026-10-16,Active
SUB000292,ACC00464,OPP000560,All In,2800,1,2024-11-02,2025-11-02,Upgraded
SUB000293,ACC00464,OPP000560,All In,2800,2,2025-11-02,2026-11-02,Active
SUB000294,ACC00467,OPP000563,Brand,900,1,2023-10-27,2024-10-26,Renewed
SUB000295,ACC00467,OPP000563,Brand,900,2,2024-10-26,2025-10-26,Churned
SUB000296,ACC00473,OPP000571,Launch,500,1,2026-04-24,2027-04-24,Active
SUB000297,ACC00474,OPP000572,Brand,900,1,2024-11-30,2025-11-30,Downgraded
SUB000298,ACC00474,OPP000572,Launch,500,2,2025-11-30,2026-11-30,Active
SUB000299,ACC00485,OPP000584,Scale,1600,1,2024-03-29,2025-03-29,Renewed
SUB000300,ACC00485,OPP000584,Scale,1600,2,2025-03-29,2026-03-29,Renewed
SUB000301,ACC00485,OPP000584,Scale,1600,3,2026-03-29,2027-03-29,Active
SUB000302,ACC00491,OPP000592,Launch,500,1,2024-04-15,2025-04-15,Renewed
SUB000303,ACC00491,OPP000592,Launch,500,2,2025-04-15,2026-04-15,Renewed
SUB000304,ACC00491,OPP000592,Launch,500,3,2026-04-15,2027-04-15,Active
SUB000305,ACC00494,OPP000596,Scale,1600,1,2026-05-07,2027-05-07,Active
SUB000306,ACC00497,OPP000600,Brand,900,1,2024-10-29,2025-10-29,Renewed
SUB000307,ACC00497,OPP000600,Brand,900,2,2025-10-29,2026-10-29,Active
SUB000308,ACC00498,OPP000601,Brand,900,1,2025-11-10,2026-11-10,Active
SUB000309,ACC00499,OPP000603,Launch,500,1,2023-03-01,2024-02-29,Churned
SUB000310,ACC00503,OPP000608,Scale,1600,1,2023-06-17,2024-06-16,Churned
SUB000311,ACC00504,OPP000609,Brand,900,1,2025-07-15,2026-07-15,Active
SUB000312,ACC00514,OPP000621,Brand,900,1,2024-12-03,2025-12-03,Churned
SUB000313,ACC00516,OPP000623,Launch,500,1,2025-08-07,2026-08-07,Active
SUB000314,ACC00521,OPP000630,All In,2800,1,2024-03-22,2025-03-22,Churned
SUB000315,ACC00524,OPP000634,Launch,500,1,2023-12-26,2024-12-25,Churned
SUB000316,ACC00526,OPP000636,Launch,500,1,2024-12-09,2025-12-09,Renewed
SUB000317,ACC00526,OPP000636,Launch,500,2,2025-12-09,2026-12-09,Active
SUB000318,ACC00527,OPP000637,Scale,1600,1,2025-07-15,2026-07-15,Active
SUB000319,ACC00531,OPP000642,Scale,1600,1,2025-11-03,2026-11-03,Active
SUB000320,ACC00532,OPP000643,Launch,500,1,2025-02-24,2026-02-24,Renewed
SUB000321,ACC00532,OPP000643,Launch,500,2,2026-02-24,2027-02-24,Active
SUB000322,ACC00534,OPP000645,Brand,900,1,2023-07-27,2024-07-26,Churned
SUB000323,ACC00535,OPP000646,Brand,900,1,2025-07-12,2026-07-12,Active
SUB000324,ACC00541,OPP000656,Brand,900,1,2023-07-23,2024-07-22,Churned
SUB000325,ACC00542,OPP000658,Brand,900,1,2024-02-08,2025-02-07,Renewed
SUB000326,ACC00542,OPP000658,Brand,900,2,2025-02-07,2026-02-07,Downgraded
SUB000327,ACC00542,OPP000658,Launch,500,3,2026-02-07,2027-02-07,Active
SUB000328,ACC00548,OPP000664,Brand,900,1,2025-10-02,2026-10-02,Active
SUB000329,ACC00550,OPP000666,Scale,1600,1,2024-11-27,2025-11-27,Renewed
SUB000330,ACC00550,OPP000666,Scale,1600,2,2025-11-27,2026-11-27,Active
SUB000331,ACC00551,OPP000667,Brand,900,1,2024-09-07,2025-09-07,Upgraded
SUB000332,ACC00551,OPP000667,Scale,1600,2,2025-09-07,2026-09-07,Active
SUB000333,ACC00555,OPP000671,Launch,500,1,2025-06-22,2026-06-22,Upgraded
SUB000334,ACC00555,OPP000671,Brand,900,2,2026-06-22,2027-06-22,Active
SUB000335,ACC00563,OPP000681,Launch,500,1,2025-12-13,2026-12-13,Active
SUB000336,ACC00565,OPP000684,Scale,1600,1,2025-02-10,2026-02-10,Renewed
SUB000337,ACC00565,OPP000684,Scale,1600,2,2026-02-10,2027-02-10,Active
SUB000338,ACC00566,OPP000685,Scale,1600,1,2025-05-22,2026-05-22,Renewed
SUB000339,ACC00566,OPP000685,Scale,1600,2,2026-05-22,2027-05-22,Active
SUB000340,ACC00568,OPP000688,Brand,900,1,2025-06-05,2026-06-05,Upgraded
SUB000341,ACC00568,OPP000688,Scale,1600,2,2026-06-05,2027-06-05,Active
SUB000342,ACC00572,OPP000693,Brand,900,1,2023-07-23,2024-07-22,Downgraded
SUB000343,ACC00572,OPP000693,Launch,500,2,2024-07-22,2025-07-22,Renewed
SUB000344,ACC00572,OPP000693,Launch,500,3,2025-07-22,2026-07-22,Active
SUB000345,ACC00574,OPP000695,Brand,900,1,2024-05-13,2025-05-13,Renewed
SUB000346,ACC00574,OPP000695,Brand,900,2,2025-05-13,2026-05-13,Downgraded
SUB000347,ACC00574,OPP000695,Launch,500,3,2026-05-13,2027-05-13,Active
SUB000348,ACC00581,OPP000704,Brand,900,1,2025-08-14,2026-08-14,Active
SUB000349,ACC00582,OPP000705,Scale,1600,1,2024-08-14,2025-08-14,Downgraded
SUB000350,ACC00582,OPP000705,Brand,900,2,2025-08-14,2026-08-14,Active
SUB000351,ACC00585,OPP000709,Scale,1600,1,2026-05-29,2027-05-29,Active
SUB000352,ACC00588,OPP000713,Brand,900,1,2026-01-29,2027-01-29,Active
SUB000353,ACC00589,OPP000714,Scale,1600,1,2025-06-17,2026-06-17,Upgraded
SUB000354,ACC00589,OPP000714,All In,2800,2,2026-06-17,2027-06-17,Active
SUB000355,ACC00592,OPP000717,Brand,900,1,2024-06-27,2025-06-27,Downgraded
SUB000356,ACC00592,OPP000717,Launch,500,2,2025-06-27,2026-06-27,Renewed
SUB000357,ACC00592,OPP000717,Launch,500,3,2026-06-27,2027-06-27,Active
SUB000358,ACC00595,OPP000723,Brand,900,1,2025-07-13,2026-07-13,Active
SUB000359,ACC00599,OPP000729,Brand,900,1,2026-01-02,2027-01-02,Active
SUB000360,ACC00601,OPP000732,Launch,500,1,2023-06-16,2024-06-15,Churned
SUB000361,ACC00602,OPP000734,Launch,500,1,2024-01-29,2025-01-28,Churned
SUB000362,ACC00603,OPP000735,Scale,1600,1,2023-06-11,2024-06-10,Churned
SUB000363,ACC00606,OPP000738,Launch,500,1,2023-11-13,2024-11-12,Upgraded
SUB000364,ACC00606,OPP000738,Brand,900,2,2024-11-12,2025-11-12,Renewed
SUB000365,ACC00606,OPP000738,Brand,900,3,2025-11-12,2026-11-12,Active
SUB000366,ACC00607,OPP000740,Brand,900,1,2026-05-20,2027-05-20,Active
SUB000367,ACC00612,OPP000746,Brand,900,1,2023-12-31,2024-12-30,Renewed
SUB000368,ACC00612,OPP000746,Brand,900,2,2024-12-30,2025-12-30,Churned
SUB000369,ACC00613,OPP000747,Brand,900,1,2025-09-08,2026-09-08,Active
SUB000370,ACC00616,OPP000750,Scale,1600,1,2024-03-25,2025-03-25,Upgraded
SUB000371,ACC00616,OPP000750,All In,2800,2,2025-03-25,2026-03-25,Churned
SUB000372,ACC00617,OPP000751,Scale,1600,1,2025-03-11,2026-03-11,Renewed
SUB000373,ACC00617,OPP000751,Scale,1600,2,2026-03-11,2027-03-11,Active
SUB000374,ACC00624,OPP000761,Brand,900,1,2024-07-10,2025-07-10,Upgraded
SUB000375,ACC00624,OPP000761,Scale,1600,2,2025-07-10,2026-07-10,Active
SUB000376,ACC00627,OPP000764,Brand,900,1,2023-11-12,2024-11-11,Downgraded
SUB000377,ACC00627,OPP000764,Launch,500,2,2024-11-11,2025-11-11,Downgraded
SUB000378,ACC00627,OPP000764,Launch,500,3,2025-11-11,2026-11-11,Active
SUB000379,ACC00631,OPP000770,All In,2800,1,2025-08-01,2026-08-01,Active
SUB000380,ACC00637,OPP000778,Brand,900,1,2025-01-29,2026-01-29,Renewed
SUB000381,ACC00637,OPP000778,Brand,900,2,2026-01-29,2027-01-29,Active
SUB000382,ACC00638,OPP000779,Brand,900,1,2025-06-18,2026-06-18,Upgraded
SUB000383,ACC00638,OPP000779,Scale,1600,2,2026-06-18,2027-06-18,Active
SUB000384,ACC00645,OPP000788,Launch,500,1,2025-08-06,2026-08-06,Active
SUB000385,ACC00650,OPP000795,Brand,900,1,2024-08-11,2025-08-11,Downgraded
SUB000386,ACC00650,OPP000795,Launch,500,2,2025-08-11,2026-08-11,Active
SUB000387,ACC00651,OPP000796,Launch,500,1,2024-11-18,2025-11-18,Downgraded
SUB000388,ACC00651,OPP000796,Launch,500,2,2025-11-18,2026-11-18,Active
SUB000389,ACC00653,OPP000798,Brand,900,1,2023-07-09,2024-07-08,Renewed
SUB000390,ACC00653,OPP000798,Brand,900,2,2024-07-08,2025-07-08,Churned
SUB000391,ACC00655,OPP000801,Launch,500,1,2024-11-14,2025-11-14,Downgraded
SUB000392,ACC00655,OPP000801,Launch,500,2,2025-11-14,2026-11-14,Active
SUB000393,ACC00657,OPP000803,Scale,1600,1,2024-09-14,2025-09-14,Renewed
SUB000394,ACC00657,OPP000803,Scale,1600,2,2025-09-14,2026-09-14,Active
SUB000395,ACC00658,OPP000805,Brand,900,1,2023-09-14,2024-09-13,Downgraded
SUB000396,ACC00658,OPP000805,Launch,500,2,2024-09-13,2025-09-13,Renewed
SUB000397,ACC00658,OPP000805,Launch,500,3,2025-09-13,2026-09-13,Active
SUB000398,ACC00662,OPP000809,Launch,500,1,2023-11-09,2024-11-08,Renewed
SUB000399,ACC00662,OPP000809,Launch,500,2,2024-11-08,2025-11-08,Renewed
SUB000400,ACC00662,OPP000809,Launch,500,3,2025-11-08,2026-11-08,Active
SUB000401,ACC00663,OPP000810,Brand,900,1,2023-12-25,2024-12-24,Renewed
SUB000402,ACC00663,OPP000810,Brand,900,2,2024-12-24,2025-12-24,Upgraded
SUB000403,ACC00663,OPP000810,Scale,1600,3,2025-12-24,2026-12-24,Active
SUB000404,ACC00666,OPP000814,Scale,1600,1,2024-02-12,2025-02-11,Upgraded
SUB000405,ACC00666,OPP000814,All In,2800,2,2025-02-11,2026-02-11,Downgraded
SUB000406,ACC00666,OPP000814,Scale,1600,3,2026-02-11,2027-02-11,Active
SUB000407,ACC00670,OPP000820,Brand,900,1,2025-05-25,2026-05-25,Renewed
SUB000408,ACC00670,OPP000820,Brand,900,2,2026-05-25,2027-05-25,Active
SUB000409,ACC00671,OPP000821,All In,2800,1,2024-06-09,2025-06-09,Renewed
SUB000410,ACC00671,OPP000821,All In,2800,2,2025-06-09,2026-06-09,Renewed
SUB000411,ACC00671,OPP000821,All In,2800,3,2026-06-09,2027-06-09,Active
SUB000412,ACC00672,OPP000822,Launch,500,1,2025-06-16,2026-06-16,Upgraded
SUB000413,ACC00672,OPP000822,Brand,900,2,2026-06-16,2027-06-16,Active
SUB000414,ACC00676,OPP000826,Launch,500,1,2026-01-31,2027-01-31,Active
SUB000415,ACC00683,OPP000834,All In,2800,1,2024-10-16,2025-10-16,Churned
SUB000416,ACC00686,OPP000838,Launch,500,1,2025-09-24,2026-09-24,Active
SUB000417,ACC00687,OPP000839,All In,2800,1,2026-06-07,2027-06-07,Active
SUB000418,ACC00688,OPP000840,Brand,900,1,2025-04-25,2026-04-25,Renewed
SUB000419,ACC00688,OPP000840,Brand,900,2,2026-04-25,2027-04-25,Active
SUB000420,ACC00690,OPP000842,All In,2800,1,2026-06-29,2027-06-29,Active
SUB000421,ACC00692,OPP000845,Scale,1600,1,2023-09-21,2024-09-20,Downgraded
SUB000422,ACC00692,OPP000845,Brand,900,2,2024-09-20,2025-09-20,Churned
SUB000423,ACC00693,OPP000846,All In,2800,1,2024-07-30,2025-07-30,Renewed
SUB000424,ACC00693,OPP000846,All In,2800,2,2025-07-30,2026-07-30,Active
SUB000425,ACC00699,OPP000853,Scale,1600,1,2025-02-03,2026-02-03,Renewed
SUB000426,ACC00699,OPP000853,Scale,1600,2,2026-02-03,2027-02-03,Active
SUB000427,ACC00705,OPP000862,Brand,900,1,2025-05-17,2026-05-17,Churned
SUB000428,ACC00706,OPP000863,Launch,500,1,2023-10-30,2024-10-29,Downgraded
SUB000429,ACC00706,OPP000863,Launch,500,2,2024-10-29,2025-10-29,Upgraded
SUB000430,ACC00706,OPP000863,Brand,900,3,2025-10-29,2026-10-29,Active
SUB000431,ACC00707,OPP000865,Launch,500,1,2025-04-11,2026-04-11,Downgraded
SUB000432,ACC00707,OPP000865,Launch,500,2,2026-04-11,2027-04-11,Active
SUB000433,ACC00710,OPP000868,Brand,900,1,2023-05-24,2024-05-23,Renewed
SUB000434,ACC00710,OPP000868,Brand,900,2,2024-05-23,2025-05-23,Renewed
SUB000435,ACC00710,OPP000868,Brand,900,3,2025-05-23,2026-05-23,Renewed
SUB000436,ACC00710,OPP000868,Brand,900,4,2026-05-23,2027-05-23,Active
SUB000437,ACC00711,OPP000870,All In,2800,1,2024-02-03,2025-02-02,Renewed
SUB000438,ACC00711,OPP000870,All In,2800,2,2025-02-02,2026-02-02,Upgraded
SUB000439,ACC00711,OPP000870,All In,2800,3,2026-02-02,2027-02-02,Active
SUB000440,ACC00712,OPP000871,Scale,1600,1,2025-01-05,2026-01-05,Renewed
SUB000441,ACC00712,OPP000871,Scale,1600,2,2026-01-05,2027-01-05,Active
SUB000442,ACC00714,OPP000874,Launch,500,1,2023-09-23,2024-09-22,Downgraded
SUB000443,ACC00714,OPP000874,Launch,500,2,2024-09-22,2025-09-22,Churned
SUB000444,ACC00715,OPP000875,All In,2800,1,2023-05-08,2024-05-07,Renewed
SUB000445,ACC00715,OPP000875,All In,2800,2,2024-05-07,2025-05-07,Renewed
SUB000446,ACC00715,OPP000875,All In,2800,3,2025-05-07,2026-05-07,Downgraded
SUB000447,ACC00715,OPP000875,Scale,1600,4,2026-05-07,2027-05-07,Active
SUB000448,ACC00719,OPP000879,Brand,900,1,2023-11-22,2024-11-21,Churned
SUB000449,ACC00720,OPP000881,Brand,900,1,2025-03-04,2026-03-04,Downgraded
SUB000450,ACC00720,OPP000881,Launch,500,2,2026-03-04,2027-03-04,Active
SUB000451,ACC00726,OPP000889,Brand,900,1,2026-04-23,2027-04-23,Active
SUB000452,ACC00727,OPP000890,Launch,500,1,2024-08-31,2025-08-31,Upgraded
SUB000453,ACC00727,OPP000890,Brand,900,2,2025-08-31,2026-08-31,Active
SUB000454,ACC00728,OPP000891,Brand,900,1,2023-05-22,2024-05-21,Renewed
SUB000455,ACC00728,OPP000891,Brand,900,2,2024-05-21,2025-05-21,Downgraded
SUB000456,ACC00728,OPP000891,Launch,500,3,2025-05-21,2026-05-21,Churned
SUB000457,ACC00730,OPP000895,Launch,500,1,2025-08-05,2026-08-05,Active
SUB000458,ACC00733,OPP000899,Brand,900,1,2024-07-26,2025-07-26,Churned
SUB000459,ACC00734,OPP000901,Brand,900,1,2025-08-07,2026-08-07,Active
SUB000460,ACC00736,OPP000903,Scale,1600,1,2025-06-12,2026-06-12,Downgraded
SUB000461,ACC00736,OPP000903,Brand,900,2,2026-06-12,2027-06-12,Active
SUB000462,ACC00740,OPP000907,Launch,500,1,2025-12-01,2026-12-01,Active
SUB000463,ACC00741,OPP000909,Scale,1600,1,2025-05-04,2026-05-04,Churned
SUB000464,ACC00742,OPP000910,Launch,500,1,2023-04-04,2024-04-03,Churned
SUB000465,ACC00748,OPP000920,Launch,500,1,2024-08-03,2025-08-03,Renewed
SUB000466,ACC00748,OPP000920,Launch,500,2,2025-08-03,2026-08-03,Active
SUB000467,ACC00749,OPP000921,Brand,900,1,2026-06-21,2027-06-21,Active
SUB000468,ACC00751,OPP000923,Launch,500,1,2023-05-19,2024-05-18,Churned
SUB000469,ACC00753,OPP000925,Scale,1600,1,2025-09-12,2026-09-12,Active
SUB000470,ACC00754,OPP000926,Brand,900,1,2025-06-16,2026-06-16,Renewed
SUB000471,ACC00754,OPP000926,Brand,900,2,2026-06-16,2027-06-16,Active
SUB000472,ACC00755,OPP000927,Launch,500,1,2025-03-16,2026-03-16,Renewed
SUB000473,ACC00755,OPP000927,Launch,500,2,2026-03-16,2027-03-16,Active
SUB000474,ACC00759,OPP000932,Launch,500,1,2024-04-21,2025-04-21,Downgraded
SUB000475,ACC00759,OPP000932,Launch,500,2,2025-04-21,2026-04-21,Renewed
SUB000476,ACC00759,OPP000932,Launch,500,3,2026-04-21,2027-04-21,Active
SUB000477,ACC00761,OPP000934,Launch,500,1,2024-07-24,2025-07-24,Upgraded
SUB000478,ACC00761,OPP000934,Brand,900,2,2025-07-24,2026-07-24,Active
SUB000479,ACC00764,OPP000938,Brand,900,1,2026-04-22,2027-04-22,Active
SUB000480,ACC00767,OPP000942,Launch,500,1,2024-06-29,2025-06-29,Upgraded
SUB000481,ACC00767,OPP000942,Brand,900,2,2025-06-29,2026-06-29,Downgraded
SUB000482,ACC00767,OPP000942,Launch,500,3,2026-06-29,2027-06-29,Active
SUB000483,ACC00769,OPP000944,Brand,900,1,2026-02-09,2027-02-09,Active
SUB000484,ACC00771,OPP000946,Brand,900,1,2024-04-25,2025-04-25,Renewed
SUB000485,ACC00771,OPP000946,Brand,900,2,2025-04-25,2026-04-25,Upgraded
SUB000486,ACC00771,OPP000946,Scale,1600,3,2026-04-25,2027-04-25,Active
SUB000487,ACC00773,OPP000949,All In,2800,1,2025-04-02,2026-04-02,Upgraded
SUB000488,ACC00773,OPP000949,All In,2800,2,2026-04-02,2027-04-02,Active
SUB000489,ACC00777,OPP000954,Scale,1600,1,2026-01-19,2027-01-19,Active
SUB000490,ACC00779,OPP000956,Launch,500,1,2024-01-20,2025-01-19,Upgraded
SUB000491,ACC00779,OPP000956,Brand,900,2,2025-01-19,2026-01-19,Renewed
SUB000492,ACC00779,OPP000956,Brand,900,3,2026-01-19,2027-01-19,Active
SUB000493,ACC00785,OPP000963,Scale,1600,1,2024-05-24,2025-05-24,Upgraded
SUB000494,ACC00785,OPP000963,All In,2800,2,2025-05-24,2026-05-24,Renewed
SUB000495,ACC00785,OPP000963,All In,2800,3,2026-05-24,2027-05-24,Active
SUB000496,ACC00786,OPP000965,Launch,500,1,2025-10-11,2026-10-11,Active
SUB000497,ACC00787,OPP000966,Brand,900,1,2026-03-02,2027-03-02,Active
SUB000498,ACC00793,OPP000975,Scale,1600,1,2025-08-12,2026-08-12,Active
SUB000499,ACC00800,OPP000986,Scale,1600,1,2024-10-09,2025-10-09,Renewed
SUB000500,ACC00800,OPP000986,Scale,1600,2,2025-10-09,2026-10-09,Active
SUB000501,ACC00801,OPP000988,Launch,500,1,2023-09-16,2024-09-15,Upgraded
SUB000502,ACC00801,OPP000988,Brand,900,2,2024-09-15,2025-09-15,Downgraded
SUB000503,ACC00801,OPP000988,Launch,500,3,2025-09-15,2026-09-15,Active
SUB000504,ACC00806,OPP000993,Scale,1600,1,2023-06-13,2024-06-12,Downgraded
SUB000505,ACC00806,OPP000993,Brand,900,2,2024-06-12,2025-06-12,Upgraded
SUB000506,ACC00806,OPP000993,Scale,1600,3,2025-06-12,2026-06-12,Churned
SUB000507,ACC00809,OPP000996,Launch,500,1,2024-07-22,2025-07-22,Downgraded
SUB000508,ACC00809,OPP000996,Launch,500,2,2025-07-22,2026-07-22,Active
SUB000509,ACC00811,OPP000999,Scale,1600,1,2023-08-22,2024-08-21,Renewed
SUB000510,ACC00811,OPP000999,Scale,1600,2,2024-08-21,2025-08-21,Downgraded
SUB000511,ACC00811,OPP000999,Brand,900,3,2025-08-21,2026-08-21,Active
SUB000512,ACC00812,OPP001001,All In,2800,1,2026-05-03,2027-05-03,Active
SUB000513,ACC00813,OPP001002,Launch,500,1,2025-06-19,2026-06-19,Upgraded
SUB000514,ACC00813,OPP001002,Brand,900,2,2026-06-19,2027-06-19,Active
SUB000515,ACC00820,OPP001011,All In,2800,1,2024-09-03,2025-09-03,Churned
SUB000516,ACC00821,OPP001012,Brand,900,1,2024-07-29,2025-07-29,Renewed
SUB000517,ACC00821,OPP001012,Brand,900,2,2025-07-29,2026-07-29,Active
SUB000518,ACC00830,OPP001024,Launch,500,1,2024-07-16,2025-07-16,Renewed
SUB000519,ACC00830,OPP001024,Launch,500,2,2025-07-16,2026-07-16,Active
SUB000520,ACC00833,OPP001027,Launch,500,1,2025-09-10,2026-09-10,Active
SUB000521,ACC00834,OPP001028,Launch,500,1,2023-10-23,2024-10-22,Upgraded
SUB000522,ACC00834,OPP001028,Brand,900,2,2024-10-22,2025-10-22,Renewed
SUB000523,ACC00834,OPP001028,Brand,900,3,2025-10-22,2026-10-22,Active
SUB000524,ACC00839,OPP001035,Scale,1600,1,2024-03-24,2025-03-24,Upgraded
SUB000525,ACC00839,OPP001035,All In,2800,2,2025-03-24,2026-03-24,Renewed
SUB000526,ACC00839,OPP001035,All In,2800,3,2026-03-24,2027-03-24,Active
SUB000527,ACC00840,OPP001036,Scale,1600,1,2024-12-07,2025-12-07,Downgraded
SUB000528,ACC00840,OPP001036,Brand,900,2,2025-12-07,2026-12-07,Active
SUB000529,ACC00846,OPP001042,Brand,900,1,2026-02-28,2027-02-28,Active
SUB000530,ACC00847,OPP001043,All In,2800,1,2025-09-17,2026-09-17,Active
SUB000531,ACC00850,OPP001046,Brand,900,1,2023-06-11,2024-06-10,Churned
SUB000532,ACC00856,OPP001054,All In,2800,1,2026-05-15,2027-05-15,Active
SUB000533,ACC00860,OPP001058,Scale,1600,1,2026-01-23,2027-01-23,Active
SUB000534,ACC00862,OPP001060,Launch,500,1,2023-08-26,2024-08-25,Churned
SUB000535,ACC00865,OPP001063,Brand,900,1,2025-11-21,2026-11-21,Active
SUB000536,ACC00868,OPP001068,Launch,500,1,2023-05-27,2024-05-26,Renewed
SUB000537,ACC00868,OPP001068,Launch,500,2,2024-05-26,2025-05-26,Downgraded
SUB000538,ACC00868,OPP001068,Launch,500,3,2025-05-26,2026-05-26,Downgraded
SUB000539,ACC00868,OPP001068,Launch,500,4,2026-05-26,2027-05-26,Active
SUB000540,ACC00871,OPP001072,Scale,1600,1,2025-07-27,2026-07-27,Active
SUB000541,ACC00877,OPP001079,Scale,1600,1,2024-03-16,2025-03-16,Churned
SUB000542,ACC00882,OPP001086,Launch,500,1,2024-06-09,2025-06-09,Downgraded
SUB000543,ACC00882,OPP001086,Launch,500,2,2025-06-09,2026-06-09,Renewed
SUB000544,ACC00882,OPP001086,Launch,500,3,2026-06-09,2027-06-09,Active
SUB000545,ACC00883,OPP001087,All In,2800,1,2024-04-30,2025-04-30,Renewed
SUB000546,ACC00883,OPP001087,All In,2800,2,2025-04-30,2026-04-30,Upgraded
SUB000547,ACC00883,OPP001087,All In,2800,3,2026-04-30,2027-04-30,Active
SUB000548,ACC00900,OPP001107,Brand,900,1,2023-05-06,2024-05-05,Upgraded
SUB000549,ACC00900,OPP001107,Scale,1600,2,2024-05-05,2025-05-05,Renewed
SUB000550,ACC00900,OPP001107,Scale,1600,3,2025-05-05,2026-05-05,Renewed
SUB000551,ACC00900,OPP001107,Scale,1600,4,2026-05-05,2027-05-05,Active
